date,bank_code,bank_name,term,rate,product,method,currency,source_url,crawled_at
2026-07-02,VCB,Vietcombank,KKH,0.1,quay,cuoi_ky,VND,https://www.vietcombank.com.vn/vi-VN/api/interestrates?accountType=Personal,2026-07-02T16:10:54
2026-07-02,VCB,Vietcombank,7D,0.2,quay,cuoi_ky,VND,https://www.vietcombank.com.vn/vi-VN/api/interestrates?accountType=Personal,2026-07-02T16:10:54
2026-07-02,VCB,Vietcombank,14D,0.2,quay,cuoi_ky,VND,https://www.vietcombank.com.vn/vi-VN/api/interestrates?accountType=Personal,2026-07-02T16:10:54
2026-07-02,VCB,Vietcombank,1M,2.1,quay,cuoi_ky,VND,https://www.vietcombank.com.vn/vi-VN/api/interestrates?accountType=Personal,2026-07-02T16:10:54
2026-07-02,VCB,Vietcombank,2M,2.1,quay,cuoi_ky,VND,https://www.vietcombank.com.vn/vi-VN/api/interestrates?accountType=Personal,2026-07-02T16:10:54
2026-07-02,VCB,Vietcombank,3M,2.4,quay,cuoi_ky,VND,https://www.vietcombank.com.vn/vi-VN/api/interestrates?accountType=Personal,2026-07-02T16:10:54
2026-07-02,VCB,Vietcombank,6M,3.5,quay,cuoi_ky,VND,https://www.vietcombank.com.vn/vi-VN/api/interestrates?accountType=Personal,2026-07-02T16:10:54
2026-07-02,VCB,Vietcombank,9M,3.5,quay,cuoi_ky,VND,https://www.vietcombank.com.vn/vi-VN/api/interestrates?accountType=Personal,2026-07-02T16:10:54
2026-07-02,VCB,Vietcombank,12M,5.9,quay,cuoi_ky,VND,https://www.vietcombank.com.vn/vi-VN/api/interestrates?accountType=Personal,2026-07-02T16:10:54
2026-07-02,VCB,Vietcombank,24M,6.0,quay,cuoi_ky,VND,https://www.vietcombank.com.vn/vi-VN/api/interestrates?accountType=Personal,2026-07-02T16:10:54
2026-07-02,VCB,Vietcombank,36M,5.3,quay,cuoi_ky,VND,https://www.vietcombank.com.vn/vi-VN/api/interestrates?accountType=Personal,2026-07-02T16:10:54
2026-07-02,VCB,Vietcombank,48M,5.3,quay,cuoi_ky,VND,https://www.vietcombank.com.vn/vi-VN/api/interestrates?accountType=Personal,2026-07-02T16:10:54
2026-07-02,VCB,Vietcombank,60M,5.3,quay,cuoi_ky,VND,https://www.vietcombank.com.vn/vi-VN/api/interestrates?accountType=Personal,2026-07-02T16:10:54
2026-07-02,BID,BIDV,KKH,0.1,quay,cuoi_ky,VND,https://bidv.com.vn/vn/tra-cuu-lai-suat/,2026-07-02T16:10:54
2026-07-02,BID,BIDV,1M,2.1,quay,cuoi_ky,VND,https://bidv.com.vn/vn/tra-cuu-lai-suat/,2026-07-02T16:10:54
2026-07-02,BID,BIDV,2M,2.1,quay,cuoi_ky,VND,https://bidv.com.vn/vn/tra-cuu-lai-suat/,2026-07-02T16:10:54
2026-07-02,BID,BIDV,3M,2.4,quay,cuoi_ky,VND,https://bidv.com.vn/vn/tra-cuu-lai-suat/,2026-07-02T16:10:54
2026-07-02,BID,BIDV,5M,2.4,quay,cuoi_ky,VND,https://bidv.com.vn/vn/tra-cuu-lai-suat/,2026-07-02T16:10:54
2026-07-02,BID,BIDV,6M,3.5,quay,cuoi_ky,VND,https://bidv.com.vn/vn/tra-cuu-lai-suat/,2026-07-02T16:10:54
2026-07-02,BID,BIDV,9M,3.5,quay,cuoi_ky,VND,https://bidv.com.vn/vn/tra-cuu-lai-suat/,2026-07-02T16:10:54
2026-07-02,BID,BIDV,12M,5.9,quay,cuoi_ky,VND,https://bidv.com.vn/vn/tra-cuu-lai-suat/,2026-07-02T16:10:54
2026-07-02,BID,BIDV,13M,5.9,quay,cuoi_ky,VND,https://bidv.com.vn/vn/tra-cuu-lai-suat/,2026-07-02T16:10:54
2026-07-02,BID,BIDV,15M,5.9,quay,cuoi_ky,VND,https://bidv.com.vn/vn/tra-cuu-lai-suat/,2026-07-02T16:10:54
2026-07-02,BID,BIDV,18M,5.9,quay,cuoi_ky,VND,https://bidv.com.vn/vn/tra-cuu-lai-suat/,2026-07-02T16:10:54
2026-07-02,BID,BIDV,24M,6.0,quay,cuoi_ky,VND,https://bidv.com.vn/vn/tra-cuu-lai-suat/,2026-07-02T16:10:54
2026-07-02,BID,BIDV,36M,6.0,quay,cuoi_ky,VND,https://bidv.com.vn/vn/tra-cuu-lai-suat/,2026-07-02T16:10:54
2026-07-02,CTG,VietinBank,KKH,0.1,quay,cuoi_ky,VND,https://www.vietinbank.vn/ca-nhan/cong-cu-tien-ich/lai-suat-khcn,2026-07-02T16:11:06
2026-07-02,CTG,VietinBank,1M,2.1,quay,cuoi_ky,VND,https://www.vietinbank.vn/ca-nhan/cong-cu-tien-ich/lai-suat-khcn,2026-07-02T16:11:06
2026-07-02,CTG,VietinBank,2M,2.1,quay,cuoi_ky,VND,https://www.vietinbank.vn/ca-nhan/cong-cu-tien-ich/lai-suat-khcn,2026-07-02T16:11:06
2026-07-02,CTG,VietinBank,3M,2.4,quay,cuoi_ky,VND,https://www.vietinbank.vn/ca-nhan/cong-cu-tien-ich/lai-suat-khcn,2026-07-02T16:11:06
2026-07-02,CTG,VietinBank,4M,2.4,quay,cuoi_ky,VND,https://www.vietinbank.vn/ca-nhan/cong-cu-tien-ich/lai-suat-khcn,2026-07-02T16:11:06
2026-07-02,CTG,VietinBank,5M,2.4,quay,cuoi_ky,VND,https://www.vietinbank.vn/ca-nhan/cong-cu-tien-ich/lai-suat-khcn,2026-07-02T16:11:06
2026-07-02,CTG,VietinBank,6M,3.5,quay,cuoi_ky,VND,https://www.vietinbank.vn/ca-nhan/cong-cu-tien-ich/lai-suat-khcn,2026-07-02T16:11:06
2026-07-02,CTG,VietinBank,7M,3.5,quay,cuoi_ky,VND,https://www.vietinbank.vn/ca-nhan/cong-cu-tien-ich/lai-suat-khcn,2026-07-02T16:11:06
2026-07-02,CTG,VietinBank,8M,3.5,quay,cuoi_ky,VND,https://www.vietinbank.vn/ca-nhan/cong-cu-tien-ich/lai-suat-khcn,2026-07-02T16:11:06
2026-07-02,CTG,VietinBank,9M,3.5,quay,cuoi_ky,VND,https://www.vietinbank.vn/ca-nhan/cong-cu-tien-ich/lai-suat-khcn,2026-07-02T16:11:06
2026-07-02,CTG,VietinBank,10M,3.5,quay,cuoi_ky,VND,https://www.vietinbank.vn/ca-nhan/cong-cu-tien-ich/lai-suat-khcn,2026-07-02T16:11:06
2026-07-02,CTG,VietinBank,11M,3.5,quay,cuoi_ky,VND,https://www.vietinbank.vn/ca-nhan/cong-cu-tien-ich/lai-suat-khcn,2026-07-02T16:11:06
2026-07-02,CTG,VietinBank,12M,5.9,quay,cuoi_ky,VND,https://www.vietinbank.vn/ca-nhan/cong-cu-tien-ich/lai-suat-khcn,2026-07-02T16:11:06
2026-07-02,CTG,VietinBank,13M,5.9,quay,cuoi_ky,VND,https://www.vietinbank.vn/ca-nhan/cong-cu-tien-ich/lai-suat-khcn,2026-07-02T16:11:06
2026-07-02,CTG,VietinBank,18M,5.9,quay,cuoi_ky,VND,https://www.vietinbank.vn/ca-nhan/cong-cu-tien-ich/lai-suat-khcn,2026-07-02T16:11:06
2026-07-02,CTG,VietinBank,24M,6.0,quay,cuoi_ky,VND,https://www.vietinbank.vn/ca-nhan/cong-cu-tien-ich/lai-suat-khcn,2026-07-02T16:11:06
2026-07-02,CTG,VietinBank,36M,6.0,quay,cuoi_ky,VND,https://www.vietinbank.vn/ca-nhan/cong-cu-tien-ich/lai-suat-khcn,2026-07-02T16:11:06
2026-07-02,AGR,Agribank,KKH,0.2,quay,cuoi_ky,VND,https://www.agribank.com.vn/en/lai-suat,2026-07-02T16:11:07
2026-07-02,AGR,Agribank,1M,2.6,quay,cuoi_ky,VND,https://www.agribank.com.vn/en/lai-suat,2026-07-02T16:11:07
2026-07-02,AGR,Agribank,2M,2.6,quay,cuoi_ky,VND,https://www.agribank.com.vn/en/lai-suat,2026-07-02T16:11:07
2026-07-02,AGR,Agribank,3M,2.9,quay,cuoi_ky,VND,https://www.agribank.com.vn/en/lai-suat,2026-07-02T16:11:07
2026-07-02,AGR,Agribank,4M,2.9,quay,cuoi_ky,VND,https://www.agribank.com.vn/en/lai-suat,2026-07-02T16:11:07
2026-07-02,AGR,Agribank,5M,2.9,quay,cuoi_ky,VND,https://www.agribank.com.vn/en/lai-suat,2026-07-02T16:11:07
2026-07-02,AGR,Agribank,6M,4.0,quay,cuoi_ky,VND,https://www.agribank.com.vn/en/lai-suat,2026-07-02T16:11:07
2026-07-02,AGR,Agribank,7M,4.0,quay,cuoi_ky,VND,https://www.agribank.com.vn/en/lai-suat,2026-07-02T16:11:07
2026-07-02,AGR,Agribank,8M,4.0,quay,cuoi_ky,VND,https://www.agribank.com.vn/en/lai-suat,2026-07-02T16:11:07
2026-07-02,AGR,Agribank,9M,4.0,quay,cuoi_ky,VND,https://www.agribank.com.vn/en/lai-suat,2026-07-02T16:11:07
2026-07-02,AGR,Agribank,10M,4.0,quay,cuoi_ky,VND,https://www.agribank.com.vn/en/lai-suat,2026-07-02T16:11:07
2026-07-02,AGR,Agribank,11M,4.0,quay,cuoi_ky,VND,https://www.agribank.com.vn/en/lai-suat,2026-07-02T16:11:07
2026-07-02,AGR,Agribank,12M,5.9,quay,cuoi_ky,VND,https://www.agribank.com.vn/en/lai-suat,2026-07-02T16:11:07
2026-07-02,AGR,Agribank,13M,5.9,quay,cuoi_ky,VND,https://www.agribank.com.vn/en/lai-suat,2026-07-02T16:11:07
2026-07-02,AGR,Agribank,15M,5.9,quay,cuoi_ky,VND,https://www.agribank.com.vn/en/lai-suat,2026-07-02T16:11:07
2026-07-02,AGR,Agribank,18M,5.9,quay,cuoi_ky,VND,https://www.agribank.com.vn/en/lai-suat,2026-07-02T16:11:07
2026-07-02,AGR,Agribank,24M,6.0,quay,cuoi_ky,VND,https://www.agribank.com.vn/en/lai-suat,2026-07-02T16:11:07
2026-07-02,ACB,ACB,3W,0.5,quay,cuoi_ky,VND,https://acb.com.vn/lai-suat-tien-gui,2026-07-02T16:11:08
2026-07-02,ACB,ACB,1M,4.0,quay,cuoi_ky,VND,https://acb.com.vn/lai-suat-tien-gui,2026-07-02T16:11:08
2026-07-02,ACB,ACB,2M,4.2,quay,cuoi_ky,VND,https://acb.com.vn/lai-suat-tien-gui,2026-07-02T16:11:08
2026-07-02,ACB,ACB,3M,4.4,quay,cuoi_ky,VND,https://acb.com.vn/lai-suat-tien-gui,2026-07-02T16:11:08
2026-07-02,ACB,ACB,4M,4.6,quay,cuoi_ky,VND,https://acb.com.vn/lai-suat-tien-gui,2026-07-02T16:11:08
2026-07-02,ACB,ACB,5M,4.75,quay,cuoi_ky,VND,https://acb.com.vn/lai-suat-tien-gui,2026-07-02T16:11:08
2026-07-02,ACB,ACB,6M,4.5,quay,cuoi_ky,VND,https://acb.com.vn/lai-suat-tien-gui,2026-07-02T16:11:08
2026-07-02,ACB,ACB,9M,4.7,quay,cuoi_ky,VND,https://acb.com.vn/lai-suat-tien-gui,2026-07-02T16:11:08
2026-07-02,ACB,ACB,12M,5.3,quay,cuoi_ky,VND,https://acb.com.vn/lai-suat-tien-gui,2026-07-02T16:11:08
2026-07-02,ACB,ACB,13M,5.4,quay,cuoi_ky,VND,https://acb.com.vn/lai-suat-tien-gui,2026-07-02T16:11:08
2026-07-02,ACB,ACB,15M,5.4,quay,cuoi_ky,VND,https://acb.com.vn/lai-suat-tien-gui,2026-07-02T16:11:08
2026-07-02,ACB,ACB,18M,5.4,quay,cuoi_ky,VND,https://acb.com.vn/lai-suat-tien-gui,2026-07-02T16:11:08
2026-07-02,ACB,ACB,24M,5.4,quay,cuoi_ky,VND,https://acb.com.vn/lai-suat-tien-gui,2026-07-02T16:11:08
2026-07-02,ACB,ACB,36M,5.4,quay,cuoi_ky,VND,https://acb.com.vn/lai-suat-tien-gui,2026-07-02T16:11:08
2026-07-02,ACB,ACB,3W,0.5,online,cuoi_ky,VND,https://acb.com.vn/lai-suat-tien-gui,2026-07-02T16:11:08
2026-07-02,ACB,ACB,1M,4.5,online,cuoi_ky,VND,https://acb.com.vn/lai-suat-tien-gui,2026-07-02T16:11:08
2026-07-02,ACB,ACB,2M,4.6,online,cuoi_ky,VND,https://acb.com.vn/lai-suat-tien-gui,2026-07-02T16:11:08
2026-07-02,ACB,ACB,3M,4.7,online,cuoi_ky,VND,https://acb.com.vn/lai-suat-tien-gui,2026-07-02T16:11:08
2026-07-02,ACB,ACB,6M,4.9,online,cuoi_ky,VND,https://acb.com.vn/lai-suat-tien-gui,2026-07-02T16:11:08
2026-07-02,ACB,ACB,9M,5.1,online,cuoi_ky,VND,https://acb.com.vn/lai-suat-tien-gui,2026-07-02T16:11:08
2026-07-02,ACB,ACB,12M,5.7,online,cuoi_ky,VND,https://acb.com.vn/lai-suat-tien-gui,2026-07-02T16:11:08
2026-07-02,VPB,VPBank,1M,4.75,quay,cuoi_ky,VND,https://www.vpbank.com.vn/uiux-api/api/interest-rate,2026-07-02T16:11:08
2026-07-02,VPB,VPBank,6M,6.4,quay,cuoi_ky,VND,https://www.vpbank.com.vn/uiux-api/api/interest-rate,2026-07-02T16:11:08
2026-07-02,VPB,VPBank,12M,6.6,quay,cuoi_ky,VND,https://www.vpbank.com.vn/uiux-api/api/interest-rate,2026-07-02T16:11:08
2026-07-02,VPB,VPBank,24M,6.2,quay,cuoi_ky,VND,https://www.vpbank.com.vn/uiux-api/api/interest-rate,2026-07-02T16:11:08
2026-07-02,STB,Sacombank,1M,4.5,quay,cuoi_ky,VND,https://www.sacombank.com.vn/content/dam/sacombank/files/cong-cu/lai-suat/tien-gui/khcn/SACOMBANK_LAISUATNIEMYETTAIQUAY_KHCN_VIE.pdf,2026-07-02T16:11:09
2026-07-02,STB,Sacombank,2M,4.5,quay,cuoi_ky,VND,https://www.sacombank.com.vn/content/dam/sacombank/files/cong-cu/lai-suat/tien-gui/khcn/SACOMBANK_LAISUATNIEMYETTAIQUAY_KHCN_VIE.pdf,2026-07-02T16:11:09
2026-07-02,STB,Sacombank,3M,4.5,quay,cuoi_ky,VND,https://www.sacombank.com.vn/content/dam/sacombank/files/cong-cu/lai-suat/tien-gui/khcn/SACOMBANK_LAISUATNIEMYETTAIQUAY_KHCN_VIE.pdf,2026-07-02T16:11:09
2026-07-02,STB,Sacombank,4M,4.5,quay,cuoi_ky,VND,https://www.sacombank.com.vn/content/dam/sacombank/files/cong-cu/lai-suat/tien-gui/khcn/SACOMBANK_LAISUATNIEMYETTAIQUAY_KHCN_VIE.pdf,2026-07-02T16:11:09
2026-07-02,STB,Sacombank,5M,4.5,quay,cuoi_ky,VND,https://www.sacombank.com.vn/content/dam/sacombank/files/cong-cu/lai-suat/tien-gui/khcn/SACOMBANK_LAISUATNIEMYETTAIQUAY_KHCN_VIE.pdf,2026-07-02T16:11:09
2026-07-02,STB,Sacombank,6M,6.4,quay,cuoi_ky,VND,https://www.sacombank.com.vn/content/dam/sacombank/files/cong-cu/lai-suat/tien-gui/khcn/SACOMBANK_LAISUATNIEMYETTAIQUAY_KHCN_VIE.pdf,2026-07-02T16:11:09
2026-07-02,STB,Sacombank,7M,6.4,quay,cuoi_ky,VND,https://www.sacombank.com.vn/content/dam/sacombank/files/cong-cu/lai-suat/tien-gui/khcn/SACOMBANK_LAISUATNIEMYETTAIQUAY_KHCN_VIE.pdf,2026-07-02T16:11:09
2026-07-02,STB,Sacombank,8M,6.4,quay,cuoi_ky,VND,https://www.sacombank.com.vn/content/dam/sacombank/files/cong-cu/lai-suat/tien-gui/khcn/SACOMBANK_LAISUATNIEMYETTAIQUAY_KHCN_VIE.pdf,2026-07-02T16:11:09
2026-07-02,STB,Sacombank,9M,6.4,quay,cuoi_ky,VND,https://www.sacombank.com.vn/content/dam/sacombank/files/cong-cu/lai-suat/tien-gui/khcn/SACOMBANK_LAISUATNIEMYETTAIQUAY_KHCN_VIE.pdf,2026-07-02T16:11:09
2026-07-02,STB,Sacombank,10M,6.4,quay,cuoi_ky,VND,https://www.sacombank.com.vn/content/dam/sacombank/files/cong-cu/lai-suat/tien-gui/khcn/SACOMBANK_LAISUATNIEMYETTAIQUAY_KHCN_VIE.pdf,2026-07-02T16:11:09
2026-07-02,STB,Sacombank,11M,6.4,quay,cuoi_ky,VND,https://www.sacombank.com.vn/content/dam/sacombank/files/cong-cu/lai-suat/tien-gui/khcn/SACOMBANK_LAISUATNIEMYETTAIQUAY_KHCN_VIE.pdf,2026-07-02T16:11:09
2026-07-02,STB,Sacombank,12M,6.6,quay,cuoi_ky,VND,https://www.sacombank.com.vn/content/dam/sacombank/files/cong-cu/lai-suat/tien-gui/khcn/SACOMBANK_LAISUATNIEMYETTAIQUAY_KHCN_VIE.pdf,2026-07-02T16:11:09
2026-07-02,STB,Sacombank,13M,6.6,quay,cuoi_ky,VND,https://www.sacombank.com.vn/content/dam/sacombank/files/cong-cu/lai-suat/tien-gui/khcn/SACOMBANK_LAISUATNIEMYETTAIQUAY_KHCN_VIE.pdf,2026-07-02T16:11:09
2026-07-02,STB,Sacombank,15M,6.6,quay,cuoi_ky,VND,https://www.sacombank.com.vn/content/dam/sacombank/files/cong-cu/lai-suat/tien-gui/khcn/SACOMBANK_LAISUATNIEMYETTAIQUAY_KHCN_VIE.pdf,2026-07-02T16:11:09
2026-07-02,STB,Sacombank,18M,6.6,quay,cuoi_ky,VND,https://www.sacombank.com.vn/content/dam/sacombank/files/cong-cu/lai-suat/tien-gui/khcn/SACOMBANK_LAISUATNIEMYETTAIQUAY_KHCN_VIE.pdf,2026-07-02T16:11:09
2026-07-02,STB,Sacombank,24M,6.9,quay,cuoi_ky,VND,https://www.sacombank.com.vn/content/dam/sacombank/files/cong-cu/lai-suat/tien-gui/khcn/SACOMBANK_LAISUATNIEMYETTAIQUAY_KHCN_VIE.pdf,2026-07-02T16:11:09
2026-07-02,STB,Sacombank,36M,6.9,quay,cuoi_ky,VND,https://www.sacombank.com.vn/content/dam/sacombank/files/cong-cu/lai-suat/tien-gui/khcn/SACOMBANK_LAISUATNIEMYETTAIQUAY_KHCN_VIE.pdf,2026-07-02T16:11:09
2026-07-02,HDB,HDBank,1D,0.5,quay,cuoi_ky,VND,https://cdn.hdbank.com.vn/hdbank-file/document/20261004BIEULAISUATTIENGUIKHACHHANGCANHANKHCNWEBSITEF2_1776424967170.pdf,2026-07-02T16:11:10
2026-07-02,HDB,HDBank,1W,0.5,quay,cuoi_ky,VND,https://cdn.hdbank.com.vn/hdbank-file/document/20261004BIEULAISUATTIENGUIKHACHHANGCANHANKHCNWEBSITEF2_1776424967170.pdf,2026-07-02T16:11:10
2026-07-02,HDB,HDBank,2W,0.5,quay,cuoi_ky,VND,https://cdn.hdbank.com.vn/hdbank-file/document/20261004BIEULAISUATTIENGUIKHACHHANGCANHANKHCNWEBSITEF2_1776424967170.pdf,2026-07-02T16:11:10
2026-07-02,HDB,HDBank,3W,0.5,quay,cuoi_ky,VND,https://cdn.hdbank.com.vn/hdbank-file/document/20261004BIEULAISUATTIENGUIKHACHHANGCANHANKHCNWEBSITEF2_1776424967170.pdf,2026-07-02T16:11:10
2026-07-02,HDB,HDBank,1M,3.5,quay,cuoi_ky,VND,https://cdn.hdbank.com.vn/hdbank-file/document/20261004BIEULAISUATTIENGUIKHACHHANGCANHANKHCNWEBSITEF2_1776424967170.pdf,2026-07-02T16:11:10
2026-07-02,HDB,HDBank,2M,3.5,quay,cuoi_ky,VND,https://cdn.hdbank.com.vn/hdbank-file/document/20261004BIEULAISUATTIENGUIKHACHHANGCANHANKHCNWEBSITEF2_1776424967170.pdf,2026-07-02T16:11:10
2026-07-02,HDB,HDBank,3M,3.6,quay,cuoi_ky,VND,https://cdn.hdbank.com.vn/hdbank-file/document/20261004BIEULAISUATTIENGUIKHACHHANGCANHANKHCNWEBSITEF2_1776424967170.pdf,2026-07-02T16:11:10
2026-07-02,HDB,HDBank,4M,3.6,quay,cuoi_ky,VND,https://cdn.hdbank.com.vn/hdbank-file/document/20261004BIEULAISUATTIENGUIKHACHHANGCANHANKHCNWEBSITEF2_1776424967170.pdf,2026-07-02T16:11:10
2026-07-02,HDB,HDBank,5M,3.6,quay,cuoi_ky,VND,https://cdn.hdbank.com.vn/hdbank-file/document/20261004BIEULAISUATTIENGUIKHACHHANGCANHANKHCNWEBSITEF2_1776424967170.pdf,2026-07-02T16:11:10
2026-07-02,HDB,HDBank,6M,4.9,quay,cuoi_ky,VND,https://cdn.hdbank.com.vn/hdbank-file/document/20261004BIEULAISUATTIENGUIKHACHHANGCANHANKHCNWEBSITEF2_1776424967170.pdf,2026-07-02T16:11:10
2026-07-02,HDB,HDBank,7M,4.7,quay,cuoi_ky,VND,https://cdn.hdbank.com.vn/hdbank-file/document/20261004BIEULAISUATTIENGUIKHACHHANGCANHANKHCNWEBSITEF2_1776424967170.pdf,2026-07-02T16:11:10
2026-07-02,HDB,HDBank,8M,4.7,quay,cuoi_ky,VND,https://cdn.hdbank.com.vn/hdbank-file/document/20261004BIEULAISUATTIENGUIKHACHHANGCANHANKHCNWEBSITEF2_1776424967170.pdf,2026-07-02T16:11:10
2026-07-02,HDB,HDBank,9M,4.7,quay,cuoi_ky,VND,https://cdn.hdbank.com.vn/hdbank-file/document/20261004BIEULAISUATTIENGUIKHACHHANGCANHANKHCNWEBSITEF2_1776424967170.pdf,2026-07-02T16:11:10
2026-07-02,HDB,HDBank,10M,4.7,quay,cuoi_ky,VND,https://cdn.hdbank.com.vn/hdbank-file/document/20261004BIEULAISUATTIENGUIKHACHHANGCANHANKHCNWEBSITEF2_1776424967170.pdf,2026-07-02T16:11:10
2026-07-02,HDB,HDBank,11M,4.7,quay,cuoi_ky,VND,https://cdn.hdbank.com.vn/hdbank-file/document/20261004BIEULAISUATTIENGUIKHACHHANGCANHANKHCNWEBSITEF2_1776424967170.pdf,2026-07-02T16:11:10
2026-07-02,HDB,HDBank,12M,5.2,quay,cuoi_ky,VND,https://cdn.hdbank.com.vn/hdbank-file/document/20261004BIEULAISUATTIENGUIKHACHHANGCANHANKHCNWEBSITEF2_1776424967170.pdf,2026-07-02T16:11:10
2026-07-02,HDB,HDBank,13M,5.4,quay,cuoi_ky,VND,https://cdn.hdbank.com.vn/hdbank-file/document/20261004BIEULAISUATTIENGUIKHACHHANGCANHANKHCNWEBSITEF2_1776424967170.pdf,2026-07-02T16:11:10
2026-07-02,HDB,HDBank,15M,5.4,quay,cuoi_ky,VND,https://cdn.hdbank.com.vn/hdbank-file/document/20261004BIEULAISUATTIENGUIKHACHHANGCANHANKHCNWEBSITEF2_1776424967170.pdf,2026-07-02T16:11:10
2026-07-02,HDB,HDBank,18M,5.5,quay,cuoi_ky,VND,https://cdn.hdbank.com.vn/hdbank-file/document/20261004BIEULAISUATTIENGUIKHACHHANGCANHANKHCNWEBSITEF2_1776424967170.pdf,2026-07-02T16:11:10
2026-07-02,HDB,HDBank,24M,4.9,quay,cuoi_ky,VND,https://cdn.hdbank.com.vn/hdbank-file/document/20261004BIEULAISUATTIENGUIKHACHHANGCANHANKHCNWEBSITEF2_1776424967170.pdf,2026-07-02T16:11:10
2026-07-02,HDB,HDBank,36M,4.9,quay,cuoi_ky,VND,https://cdn.hdbank.com.vn/hdbank-file/document/20261004BIEULAISUATTIENGUIKHACHHANGCANHANKHCNWEBSITEF2_1776424967170.pdf,2026-07-02T16:11:10
2026-07-02,TCB,Techcombank,KKH,0.05,quay,cuoi_ky,VND,https://techcombank.com/content/dam/techcombank/public-site/documents/techcombank-bieu-lai-suat-tien-gui-tiet-kiem-thuong-20260509.pdf,2026-07-02T16:11:18
2026-07-02,TCB,Techcombank,1M,3.95,quay,cuoi_ky,VND,https://techcombank.com/content/dam/techcombank/public-site/documents/techcombank-bieu-lai-suat-tien-gui-tiet-kiem-thuong-20260509.pdf,2026-07-02T16:11:18
2026-07-02,TCB,Techcombank,2M,3.95,quay,cuoi_ky,VND,https://techcombank.com/content/dam/techcombank/public-site/documents/techcombank-bieu-lai-suat-tien-gui-tiet-kiem-thuong-20260509.pdf,2026-07-02T16:11:18
2026-07-02,TCB,Techcombank,3M,4.25,quay,cuoi_ky,VND,https://techcombank.com/content/dam/techcombank/public-site/documents/techcombank-bieu-lai-suat-tien-gui-tiet-kiem-thuong-20260509.pdf,2026-07-02T16:11:18
2026-07-02,TCB,Techcombank,4M,4.25,quay,cuoi_ky,VND,https://techcombank.com/content/dam/techcombank/public-site/documents/techcombank-bieu-lai-suat-tien-gui-tiet-kiem-thuong-20260509.pdf,2026-07-02T16:11:18
2026-07-02,TCB,Techcombank,5M,4.25,quay,cuoi_ky,VND,https://techcombank.com/content/dam/techcombank/public-site/documents/techcombank-bieu-lai-suat-tien-gui-tiet-kiem-thuong-20260509.pdf,2026-07-02T16:11:18
2026-07-02,TCB,Techcombank,6M,5.95,quay,cuoi_ky,VND,https://techcombank.com/content/dam/techcombank/public-site/documents/techcombank-bieu-lai-suat-tien-gui-tiet-kiem-thuong-20260509.pdf,2026-07-02T16:11:18
2026-07-02,TCB,Techcombank,7M,5.95,quay,cuoi_ky,VND,https://techcombank.com/content/dam/techcombank/public-site/documents/techcombank-bieu-lai-suat-tien-gui-tiet-kiem-thuong-20260509.pdf,2026-07-02T16:11:18
2026-07-02,TCB,Techcombank,8M,5.95,quay,cuoi_ky,VND,https://techcombank.com/content/dam/techcombank/public-site/documents/techcombank-bieu-lai-suat-tien-gui-tiet-kiem-thuong-20260509.pdf,2026-07-02T16:11:18
2026-07-02,TCB,Techcombank,9M,5.95,quay,cuoi_ky,VND,https://techcombank.com/content/dam/techcombank/public-site/documents/techcombank-bieu-lai-suat-tien-gui-tiet-kiem-thuong-20260509.pdf,2026-07-02T16:11:18
2026-07-02,TCB,Techcombank,10M,5.95,quay,cuoi_ky,VND,https://techcombank.com/content/dam/techcombank/public-site/documents/techcombank-bieu-lai-suat-tien-gui-tiet-kiem-thuong-20260509.pdf,2026-07-02T16:11:18
2026-07-02,TCB,Techcombank,11M,5.95,quay,cuoi_ky,VND,https://techcombank.com/content/dam/techcombank/public-site/documents/techcombank-bieu-lai-suat-tien-gui-tiet-kiem-thuong-20260509.pdf,2026-07-02T16:11:18
2026-07-02,TCB,Techcombank,12M,6.15,quay,cuoi_ky,VND,https://techcombank.com/content/dam/techcombank/public-site/documents/techcombank-bieu-lai-suat-tien-gui-tiet-kiem-thuong-20260509.pdf,2026-07-02T16:11:18
2026-07-02,TCB,Techcombank,13M,5.25,quay,cuoi_ky,VND,https://techcombank.com/content/dam/techcombank/public-site/documents/techcombank-bieu-lai-suat-tien-gui-tiet-kiem-thuong-20260509.pdf,2026-07-02T16:11:18
2026-07-02,TCB,Techcombank,14M,5.25,quay,cuoi_ky,VND,https://techcombank.com/content/dam/techcombank/public-site/documents/techcombank-bieu-lai-suat-tien-gui-tiet-kiem-thuong-20260509.pdf,2026-07-02T16:11:18
2026-07-02,TCB,Techcombank,15M,5.25,quay,cuoi_ky,VND,https://techcombank.com/content/dam/techcombank/public-site/documents/techcombank-bieu-lai-suat-tien-gui-tiet-kiem-thuong-20260509.pdf,2026-07-02T16:11:18
2026-07-02,TCB,Techcombank,16M,5.25,quay,cuoi_ky,VND,https://techcombank.com/content/dam/techcombank/public-site/documents/techcombank-bieu-lai-suat-tien-gui-tiet-kiem-thuong-20260509.pdf,2026-07-02T16:11:18
2026-07-02,TCB,Techcombank,17M,5.25,quay,cuoi_ky,VND,https://techcombank.com/content/dam/techcombank/public-site/documents/techcombank-bieu-lai-suat-tien-gui-tiet-kiem-thuong-20260509.pdf,2026-07-02T16:11:18
2026-07-02,TCB,Techcombank,18M,5.25,quay,cuoi_ky,VND,https://techcombank.com/content/dam/techcombank/public-site/documents/techcombank-bieu-lai-suat-tien-gui-tiet-kiem-thuong-20260509.pdf,2026-07-02T16:11:18
2026-07-02,TCB,Techcombank,19M,5.25,quay,cuoi_ky,VND,https://techcombank.com/content/dam/techcombank/public-site/documents/techcombank-bieu-lai-suat-tien-gui-tiet-kiem-thuong-20260509.pdf,2026-07-02T16:11:18
2026-07-02,TCB,Techcombank,20M,5.25,quay,cuoi_ky,VND,https://techcombank.com/content/dam/techcombank/public-site/documents/techcombank-bieu-lai-suat-tien-gui-tiet-kiem-thuong-20260509.pdf,2026-07-02T16:11:18
2026-07-02,TCB,Techcombank,21M,5.25,quay,cuoi_ky,VND,https://techcombank.com/content/dam/techcombank/public-site/documents/techcombank-bieu-lai-suat-tien-gui-tiet-kiem-thuong-20260509.pdf,2026-07-02T16:11:18
2026-07-02,TCB,Techcombank,22M,5.25,quay,cuoi_ky,VND,https://techcombank.com/content/dam/techcombank/public-site/documents/techcombank-bieu-lai-suat-tien-gui-tiet-kiem-thuong-20260509.pdf,2026-07-02T16:11:18
2026-07-02,TCB,Techcombank,23M,5.25,quay,cuoi_ky,VND,https://techcombank.com/content/dam/techcombank/public-site/documents/techcombank-bieu-lai-suat-tien-gui-tiet-kiem-thuong-20260509.pdf,2026-07-02T16:11:18
2026-07-02,TCB,Techcombank,24M,5.25,quay,cuoi_ky,VND,https://techcombank.com/content/dam/techcombank/public-site/documents/techcombank-bieu-lai-suat-tien-gui-tiet-kiem-thuong-20260509.pdf,2026-07-02T16:11:18
2026-07-02,TCB,Techcombank,25M,5.25,quay,cuoi_ky,VND,https://techcombank.com/content/dam/techcombank/public-site/documents/techcombank-bieu-lai-suat-tien-gui-tiet-kiem-thuong-20260509.pdf,2026-07-02T16:11:18
2026-07-02,TCB,Techcombank,26M,5.25,quay,cuoi_ky,VND,https://techcombank.com/content/dam/techcombank/public-site/documents/techcombank-bieu-lai-suat-tien-gui-tiet-kiem-thuong-20260509.pdf,2026-07-02T16:11:18
2026-07-02,TCB,Techcombank,27M,5.25,quay,cuoi_ky,VND,https://techcombank.com/content/dam/techcombank/public-site/documents/techcombank-bieu-lai-suat-tien-gui-tiet-kiem-thuong-20260509.pdf,2026-07-02T16:11:18
2026-07-02,TCB,Techcombank,28M,5.25,quay,cuoi_ky,VND,https://techcombank.com/content/dam/techcombank/public-site/documents/techcombank-bieu-lai-suat-tien-gui-tiet-kiem-thuong-20260509.pdf,2026-07-02T16:11:18
2026-07-02,TCB,Techcombank,29M,5.25,quay,cuoi_ky,VND,https://techcombank.com/content/dam/techcombank/public-site/documents/techcombank-bieu-lai-suat-tien-gui-tiet-kiem-thuong-20260509.pdf,2026-07-02T16:11:18
2026-07-02,TCB,Techcombank,30M,5.25,quay,cuoi_ky,VND,https://techcombank.com/content/dam/techcombank/public-site/documents/techcombank-bieu-lai-suat-tien-gui-tiet-kiem-thuong-20260509.pdf,2026-07-02T16:11:18
2026-07-02,TCB,Techcombank,31M,5.25,quay,cuoi_ky,VND,https://techcombank.com/content/dam/techcombank/public-site/documents/techcombank-bieu-lai-suat-tien-gui-tiet-kiem-thuong-20260509.pdf,2026-07-02T16:11:18
2026-07-02,TCB,Techcombank,32M,5.25,quay,cuoi_ky,VND,https://techcombank.com/content/dam/techcombank/public-site/documents/techcombank-bieu-lai-suat-tien-gui-tiet-kiem-thuong-20260509.pdf,2026-07-02T16:11:18
2026-07-02,TCB,Techcombank,33M,5.25,quay,cuoi_ky,VND,https://techcombank.com/content/dam/techcombank/public-site/documents/techcombank-bieu-lai-suat-tien-gui-tiet-kiem-thuong-20260509.pdf,2026-07-02T16:11:18
2026-07-02,TCB,Techcombank,34M,5.25,quay,cuoi_ky,VND,https://techcombank.com/content/dam/techcombank/public-site/documents/techcombank-bieu-lai-suat-tien-gui-tiet-kiem-thuong-20260509.pdf,2026-07-02T16:11:18
2026-07-02,TCB,Techcombank,35M,5.25,quay,cuoi_ky,VND,https://techcombank.com/content/dam/techcombank/public-site/documents/techcombank-bieu-lai-suat-tien-gui-tiet-kiem-thuong-20260509.pdf,2026-07-02T16:11:18
2026-07-02,TCB,Techcombank,36M,5.25,quay,cuoi_ky,VND,https://techcombank.com/content/dam/techcombank/public-site/documents/techcombank-bieu-lai-suat-tien-gui-tiet-kiem-thuong-20260509.pdf,2026-07-02T16:11:18
2025-05-24,VCB,Vietcombank,KKH,0.1,quay,cuoi_ky,VND,https://thoibaonganhang.vn/lai-suat,2026-07-15T14:29:02
2025-05-24,VCB,Vietcombank,1W,0.2,quay,cuoi_ky,VND,https://thoibaonganhang.vn/lai-suat,2026-07-15T14:29:02
2025-05-24,VCB,Vietcombank,2W,0.2,quay,cuoi_ky,VND,https://thoibaonganhang.vn/lai-suat,2026-07-15T14:29:02
2025-05-24,VCB,Vietcombank,1M,1.6,quay,cuoi_ky,VND,https://thoibaonganhang.vn/lai-suat,2026-07-15T14:29:02
2025-05-24,VCB,Vietcombank,2M,1.6,quay,cuoi_ky,VND,https://thoibaonganhang.vn/lai-suat,2026-07-15T14:29:02
2025-05-24,VCB,Vietcombank,3M,1.9,quay,cuoi_ky,VND,https://thoibaonganhang.vn/lai-suat,2026-07-15T14:29:02
2025-05-24,VCB,Vietcombank,6M,2.9,quay,cuoi_ky,VND,https://thoibaonganhang.vn/lai-suat,2026-07-15T14:29:02
2025-05-24,VCB,Vietcombank,9M,2.9,quay,cuoi_ky,VND,https://thoibaonganhang.vn/lai-suat,2026-07-15T14:29:02
2025-05-24,VCB,Vietcombank,12M,4.6,quay,cuoi_ky,VND,https://thoibaonganhang.vn/lai-suat,2026-07-15T14:29:02
2025-05-24,VCB,Vietcombank,24M,4.7,quay,cuoi_ky,VND,https://thoibaonganhang.vn/lai-suat,2026-07-15T14:29:02
2025-05-24,BID,BIDV,KKH,0.1,quay,cuoi_ky,VND,https://thoibaonganhang.vn/lai-suat,2026-07-15T14:29:02
2025-05-24,BID,BIDV,1M,1.6,quay,cuoi_ky,VND,https://thoibaonganhang.vn/lai-suat,2026-07-15T14:29:02
2025-05-24,BID,BIDV,2M,1.6,quay,cuoi_ky,VND,https://thoibaonganhang.vn/lai-suat,2026-07-15T14:29:02
2025-05-24,BID,BIDV,3M,1.9,quay,cuoi_ky,VND,https://thoibaonganhang.vn/lai-suat,2026-07-15T14:29:02
2025-05-24,BID,BIDV,6M,3.0,quay,cuoi_ky,VND,https://thoibaonganhang.vn/lai-suat,2026-07-15T14:29:02
2025-05-24,BID,BIDV,9M,3.0,quay,cuoi_ky,VND,https://thoibaonganhang.vn/lai-suat,2026-07-15T14:29:02
2025-05-24,BID,BIDV,12M,4.7,quay,cuoi_ky,VND,https://thoibaonganhang.vn/lai-suat,2026-07-15T14:29:02
2025-05-24,BID,BIDV,24M,4.8,quay,cuoi_ky,VND,https://thoibaonganhang.vn/lai-suat,2026-07-15T14:29:02
2025-05-24,CTG,VietinBank,KKH,0.1,quay,cuoi_ky,VND,https://thoibaonganhang.vn/lai-suat,2026-07-15T14:29:02
2025-05-24,CTG,VietinBank,1W,0.2,quay,cuoi_ky,VND,https://thoibaonganhang.vn/lai-suat,2026-07-15T14:29:02
2025-05-24,CTG,VietinBank,2W,0.2,quay,cuoi_ky,VND,https://thoibaonganhang.vn/lai-suat,2026-07-15T14:29:02
2025-05-24,CTG,VietinBank,3W,0.2,quay,cuoi_ky,VND,https://thoibaonganhang.vn/lai-suat,2026-07-15T14:29:02
2025-05-24,CTG,VietinBank,1M,1.6,quay,cuoi_ky,VND,https://thoibaonganhang.vn/lai-suat,2026-07-15T14:29:02
2025-05-24,CTG,VietinBank,2M,1.6,quay,cuoi_ky,VND,https://thoibaonganhang.vn/lai-suat,2026-07-15T14:29:02
2025-05-24,CTG,VietinBank,3M,1.9,quay,cuoi_ky,VND,https://thoibaonganhang.vn/lai-suat,2026-07-15T14:29:02
2025-05-24,CTG,VietinBank,6M,3.0,quay,cuoi_ky,VND,https://thoibaonganhang.vn/lai-suat,2026-07-15T14:29:02
2025-05-24,CTG,VietinBank,9M,3.0,quay,cuoi_ky,VND,https://thoibaonganhang.vn/lai-suat,2026-07-15T14:29:02
2025-05-24,CTG,VietinBank,12M,4.7,quay,cuoi_ky,VND,https://thoibaonganhang.vn/lai-suat,2026-07-15T14:29:02
2025-05-24,CTG,VietinBank,24M,4.7,quay,cuoi_ky,VND,https://thoibaonganhang.vn/lai-suat,2026-07-15T14:29:02
2025-05-24,AGR,Agribank,KKH,0.2,quay,cuoi_ky,VND,https://thoibaonganhang.vn/lai-suat,2026-07-15T14:29:02
2025-05-24,AGR,Agribank,1M,2.2,quay,cuoi_ky,VND,https://thoibaonganhang.vn/lai-suat,2026-07-15T14:29:02
2025-05-24,AGR,Agribank,2M,2.2,quay,cuoi_ky,VND,https://thoibaonganhang.vn/lai-suat,2026-07-15T14:29:02
2025-05-24,AGR,Agribank,3M,2.5,quay,cuoi_ky,VND,https://thoibaonganhang.vn/lai-suat,2026-07-15T14:29:02
2025-05-24,AGR,Agribank,6M,3.5,quay,cuoi_ky,VND,https://thoibaonganhang.vn/lai-suat,2026-07-15T14:29:02
2025-05-24,AGR,Agribank,9M,3.5,quay,cuoi_ky,VND,https://thoibaonganhang.vn/lai-suat,2026-07-15T14:29:02
2025-05-24,AGR,Agribank,12M,4.7,quay,cuoi_ky,VND,https://thoibaonganhang.vn/lai-suat,2026-07-15T14:29:02
2025-05-24,AGR,Agribank,24M,4.8,quay,cuoi_ky,VND,https://thoibaonganhang.vn/lai-suat,2026-07-15T14:29:02
2025-05-24,ACB,ACB,KKH,0.01,quay,cuoi_ky,VND,https://thoibaonganhang.vn/lai-suat,2026-07-15T14:29:02
2025-05-24,ACB,ACB,1W,0.5,quay,cuoi_ky,VND,https://thoibaonganhang.vn/lai-suat,2026-07-15T14:29:02
2025-05-24,ACB,ACB,2W,0.5,quay,cuoi_ky,VND,https://thoibaonganhang.vn/lai-suat,2026-07-15T14:29:02
2025-05-24,ACB,ACB,3W,0.5,quay,cuoi_ky,VND,https://thoibaonganhang.vn/lai-suat,2026-07-15T14:29:02
2025-05-24,ACB,ACB,1M,2.3,quay,cuoi_ky,VND,https://thoibaonganhang.vn/lai-suat,2026-07-15T14:29:02
2025-05-24,ACB,ACB,2M,2.5,quay,cuoi_ky,VND,https://thoibaonganhang.vn/lai-suat,2026-07-15T14:29:02
2025-05-24,ACB,ACB,3M,2.7,quay,cuoi_ky,VND,https://thoibaonganhang.vn/lai-suat,2026-07-15T14:29:02
2025-05-24,ACB,ACB,6M,3.5,quay,cuoi_ky,VND,https://thoibaonganhang.vn/lai-suat,2026-07-15T14:29:02
2025-05-24,ACB,ACB,9M,3.7,quay,cuoi_ky,VND,https://thoibaonganhang.vn/lai-suat,2026-07-15T14:29:02
2025-05-24,ACB,ACB,12M,4.4,quay,cuoi_ky,VND,https://thoibaonganhang.vn/lai-suat,2026-07-15T14:29:02
2025-05-24,ACB,ACB,24M,4.5,quay,cuoi_ky,VND,https://thoibaonganhang.vn/lai-suat,2026-07-15T14:29:02
2025-05-24,STB,Sacombank,1W,0.5,quay,cuoi_ky,VND,https://thoibaonganhang.vn/lai-suat,2026-07-15T14:29:02
2025-05-24,STB,Sacombank,2W,0.5,quay,cuoi_ky,VND,https://thoibaonganhang.vn/lai-suat,2026-07-15T14:29:02
2025-05-24,STB,Sacombank,3W,0.5,quay,cuoi_ky,VND,https://thoibaonganhang.vn/lai-suat,2026-07-15T14:29:02
2025-05-24,STB,Sacombank,1M,2.8,quay,cuoi_ky,VND,https://thoibaonganhang.vn/lai-suat,2026-07-15T14:29:02
2025-05-24,STB,Sacombank,2M,2.9,quay,cuoi_ky,VND,https://thoibaonganhang.vn/lai-suat,2026-07-15T14:29:02
2025-05-24,STB,Sacombank,3M,3.2,quay,cuoi_ky,VND,https://thoibaonganhang.vn/lai-suat,2026-07-15T14:29:02
2025-05-24,STB,Sacombank,6M,4.2,quay,cuoi_ky,VND,https://thoibaonganhang.vn/lai-suat,2026-07-15T14:29:02
2025-05-24,STB,Sacombank,9M,4.3,quay,cuoi_ky,VND,https://thoibaonganhang.vn/lai-suat,2026-07-15T14:29:02
2025-05-24,STB,Sacombank,12M,4.9,quay,cuoi_ky,VND,https://thoibaonganhang.vn/lai-suat,2026-07-15T14:29:02
2025-05-24,STB,Sacombank,24M,5.0,quay,cuoi_ky,VND,https://thoibaonganhang.vn/lai-suat,2026-07-15T14:29:02
2025-05-24,TCB,Techcombank,KKH,0.05,quay,cuoi_ky,VND,https://thoibaonganhang.vn/lai-suat,2026-07-15T14:29:02
2025-05-24,TCB,Techcombank,1W,0.05,quay,cuoi_ky,VND,https://thoibaonganhang.vn/lai-suat,2026-07-15T14:29:02
2025-05-24,TCB,Techcombank,2W,0.05,quay,cuoi_ky,VND,https://thoibaonganhang.vn/lai-suat,2026-07-15T14:29:02
2025-05-24,TCB,Techcombank,3W,0.05,quay,cuoi_ky,VND,https://thoibaonganhang.vn/lai-suat,2026-07-15T14:29:02
2025-05-24,TCB,Techcombank,1M,3.6,quay,cuoi_ky,VND,https://thoibaonganhang.vn/lai-suat,2026-07-15T14:29:02
2025-05-24,TCB,Techcombank,2M,3.6,quay,cuoi_ky,VND,https://thoibaonganhang.vn/lai-suat,2026-07-15T14:29:02
2025-05-24,TCB,Techcombank,3M,3.9,quay,cuoi_ky,VND,https://thoibaonganhang.vn/lai-suat,2026-07-15T14:29:02
2025-05-24,TCB,Techcombank,6M,4.8,quay,cuoi_ky,VND,https://thoibaonganhang.vn/lai-suat,2026-07-15T14:29:02
2025-05-24,TCB,Techcombank,9M,4.8,quay,cuoi_ky,VND,https://thoibaonganhang.vn/lai-suat,2026-07-15T14:29:02
2025-05-24,TCB,Techcombank,12M,5.0,quay,cuoi_ky,VND,https://thoibaonganhang.vn/lai-suat,2026-07-15T14:29:02
2025-05-24,TCB,Techcombank,24M,5.0,quay,cuoi_ky,VND,https://thoibaonganhang.vn/lai-suat,2026-07-15T14:29:02
2025-05-24,LPB,LPBank,1W,0.2,quay,cuoi_ky,VND,https://thoibaonganhang.vn/lai-suat,2026-07-15T14:29:02
2025-05-24,LPB,LPBank,2W,0.2,quay,cuoi_ky,VND,https://thoibaonganhang.vn/lai-suat,2026-07-15T14:29:02
2025-05-24,LPB,LPBank,3W,0.2,quay,cuoi_ky,VND,https://thoibaonganhang.vn/lai-suat,2026-07-15T14:29:02
2025-05-24,LPB,LPBank,1M,3.0,quay,cuoi_ky,VND,https://thoibaonganhang.vn/lai-suat,2026-07-15T14:29:02
2025-05-24,LPB,LPBank,2M,3.0,quay,cuoi_ky,VND,https://thoibaonganhang.vn/lai-suat,2026-07-15T14:29:02
2025-05-24,LPB,LPBank,3M,3.2,quay,cuoi_ky,VND,https://thoibaonganhang.vn/lai-suat,2026-07-15T14:29:02
2025-05-24,LPB,LPBank,6M,4.1,quay,cuoi_ky,VND,https://thoibaonganhang.vn/lai-suat,2026-07-15T14:29:02
2025-05-24,LPB,LPBank,9M,4.1,quay,cuoi_ky,VND,https://thoibaonganhang.vn/lai-suat,2026-07-15T14:29:02
2025-05-24,LPB,LPBank,12M,5.1,quay,cuoi_ky,VND,https://thoibaonganhang.vn/lai-suat,2026-07-15T14:29:02
2025-05-24,LPB,LPBank,24M,5.4,quay,cuoi_ky,VND,https://thoibaonganhang.vn/lai-suat,2026-07-15T14:29:02
2025-05-24,VKK,Vikki Bank,KKH,0.5,quay,cuoi_ky,VND,https://thoibaonganhang.vn/lai-suat,2026-07-15T14:29:02
2025-05-24,VKK,Vikki Bank,1W,0.5,quay,cuoi_ky,VND,https://thoibaonganhang.vn/lai-suat,2026-07-15T14:29:02
2025-05-24,VKK,Vikki Bank,2W,0.5,quay,cuoi_ky,VND,https://thoibaonganhang.vn/lai-suat,2026-07-15T14:29:02
2025-05-24,VKK,Vikki Bank,3W,0.5,quay,cuoi_ky,VND,https://thoibaonganhang.vn/lai-suat,2026-07-15T14:29:02
2025-05-24,VKK,Vikki Bank,1M,3.9,quay,cuoi_ky,VND,https://thoibaonganhang.vn/lai-suat,2026-07-15T14:29:02
2025-05-24,VKK,Vikki Bank,2M,4.0,quay,cuoi_ky,VND,https://thoibaonganhang.vn/lai-suat,2026-07-15T14:29:02
2025-05-24,VKK,Vikki Bank,3M,4.15,quay,cuoi_ky,VND,https://thoibaonganhang.vn/lai-suat,2026-07-15T14:29:02
2025-05-24,VKK,Vikki Bank,6M,5.3,quay,cuoi_ky,VND,https://thoibaonganhang.vn/lai-suat,2026-07-15T14:29:02
2025-05-24,VKK,Vikki Bank,9M,5.45,quay,cuoi_ky,VND,https://thoibaonganhang.vn/lai-suat,2026-07-15T14:29:02
2025-05-24,VKK,Vikki Bank,12M,5.65,quay,cuoi_ky,VND,https://thoibaonganhang.vn/lai-suat,2026-07-15T14:29:02
2025-05-24,VKK,Vikki Bank,24M,5.9,quay,cuoi_ky,VND,https://thoibaonganhang.vn/lai-suat,2026-07-15T14:29:02
2025-05-24,EIB,Eximbank,1M,3.1,quay,cuoi_ky,VND,https://thoibaonganhang.vn/lai-suat,2026-07-15T14:29:02
2025-05-24,EIB,Eximbank,2M,3.1,quay,cuoi_ky,VND,https://thoibaonganhang.vn/lai-suat,2026-07-15T14:29:02
2025-05-24,EIB,Eximbank,3M,3.1,quay,cuoi_ky,VND,https://thoibaonganhang.vn/lai-suat,2026-07-15T14:29:02
2025-05-24,EIB,Eximbank,6M,4.3,quay,cuoi_ky,VND,https://thoibaonganhang.vn/lai-suat,2026-07-15T14:29:02
2025-05-24,EIB,Eximbank,9M,4.3,quay,cuoi_ky,VND,https://thoibaonganhang.vn/lai-suat,2026-07-15T14:29:02
2025-05-24,EIB,Eximbank,12M,4.4,quay,cuoi_ky,VND,https://thoibaonganhang.vn/lai-suat,2026-07-15T14:29:02
2025-05-24,EIB,Eximbank,24M,4.5,quay,cuoi_ky,VND,https://thoibaonganhang.vn/lai-suat,2026-07-15T14:29:02
2026-02-17,VCB,Vietcombank,KKH,0.1,quay,cuoi_ky,VND,https://thoibaonganhang.vn/lai-suat,2026-07-15T14:29:04
2026-02-17,VCB,Vietcombank,1W,0.2,quay,cuoi_ky,VND,https://thoibaonganhang.vn/lai-suat,2026-07-15T14:29:04
2026-02-17,VCB,Vietcombank,2W,0.2,quay,cuoi_ky,VND,https://thoibaonganhang.vn/lai-suat,2026-07-15T14:29:04
2026-02-17,VCB,Vietcombank,1M,2.1,quay,cuoi_ky,VND,https://thoibaonganhang.vn/lai-suat,2026-07-15T14:29:04
2026-02-17,VCB,Vietcombank,2M,2.1,quay,cuoi_ky,VND,https://thoibaonganhang.vn/lai-suat,2026-07-15T14:29:04
2026-02-17,VCB,Vietcombank,3M,2.4,quay,cuoi_ky,VND,https://thoibaonganhang.vn/lai-suat,2026-07-15T14:29:04
2026-02-17,VCB,Vietcombank,6M,3.5,quay,cuoi_ky,VND,https://thoibaonganhang.vn/lai-suat,2026-07-15T14:29:04
2026-02-17,VCB,Vietcombank,9M,3.5,quay,cuoi_ky,VND,https://thoibaonganhang.vn/lai-suat,2026-07-15T14:29:04
2026-02-17,VCB,Vietcombank,12M,5.2,quay,cuoi_ky,VND,https://thoibaonganhang.vn/lai-suat,2026-07-15T14:29:04
2026-02-17,VCB,Vietcombank,24M,5.3,quay,cuoi_ky,VND,https://thoibaonganhang.vn/lai-suat,2026-07-15T14:29:04
2026-02-17,BID,BIDV,KKH,0.1,quay,cuoi_ky,VND,https://thoibaonganhang.vn/lai-suat,2026-07-15T14:29:04
2026-02-17,BID,BIDV,1M,2.1,quay,cuoi_ky,VND,https://thoibaonganhang.vn/lai-suat,2026-07-15T14:29:04
2026-02-17,BID,BIDV,2M,2.1,quay,cuoi_ky,VND,https://thoibaonganhang.vn/lai-suat,2026-07-15T14:29:04
2026-02-17,BID,BIDV,3M,2.4,quay,cuoi_ky,VND,https://thoibaonganhang.vn/lai-suat,2026-07-15T14:29:04
2026-02-17,BID,BIDV,6M,3.5,quay,cuoi_ky,VND,https://thoibaonganhang.vn/lai-suat,2026-07-15T14:29:04
2026-02-17,BID,BIDV,9M,3.5,quay,cuoi_ky,VND,https://thoibaonganhang.vn/lai-suat,2026-07-15T14:29:04
2026-02-17,BID,BIDV,12M,5.2,quay,cuoi_ky,VND,https://thoibaonganhang.vn/lai-suat,2026-07-15T14:29:04
2026-02-17,BID,BIDV,24M,5.3,quay,cuoi_ky,VND,https://thoibaonganhang.vn/lai-suat,2026-07-15T14:29:04
2026-02-17,CTG,VietinBank,KKH,0.1,quay,cuoi_ky,VND,https://thoibaonganhang.vn/lai-suat,2026-07-15T14:29:04
2026-02-17,CTG,VietinBank,1M,2.1,quay,cuoi_ky,VND,https://thoibaonganhang.vn/lai-suat,2026-07-15T14:29:04
2026-02-17,CTG,VietinBank,2M,2.1,quay,cuoi_ky,VND,https://thoibaonganhang.vn/lai-suat,2026-07-15T14:29:04
2026-02-17,CTG,VietinBank,3M,2.4,quay,cuoi_ky,VND,https://thoibaonganhang.vn/lai-suat,2026-07-15T14:29:04
2026-02-17,CTG,VietinBank,6M,3.5,quay,cuoi_ky,VND,https://thoibaonganhang.vn/lai-suat,2026-07-15T14:29:04
2026-02-17,CTG,VietinBank,9M,3.5,quay,cuoi_ky,VND,https://thoibaonganhang.vn/lai-suat,2026-07-15T14:29:04
2026-02-17,CTG,VietinBank,12M,5.2,quay,cuoi_ky,VND,https://thoibaonganhang.vn/lai-suat,2026-07-15T14:29:04
2026-02-17,CTG,VietinBank,24M,5.3,quay,cuoi_ky,VND,https://thoibaonganhang.vn/lai-suat,2026-07-15T14:29:04
2026-02-17,AGR,Agribank,KKH,0.2,quay,cuoi_ky,VND,https://thoibaonganhang.vn/lai-suat,2026-07-15T14:29:04
2026-02-17,AGR,Agribank,1M,2.4,quay,cuoi_ky,VND,https://thoibaonganhang.vn/lai-suat,2026-07-15T14:29:04
2026-02-17,AGR,Agribank,2M,2.4,quay,cuoi_ky,VND,https://thoibaonganhang.vn/lai-suat,2026-07-15T14:29:04
2026-02-17,AGR,Agribank,3M,2.7,quay,cuoi_ky,VND,https://thoibaonganhang.vn/lai-suat,2026-07-15T14:29:04
2026-02-17,AGR,Agribank,6M,3.8,quay,cuoi_ky,VND,https://thoibaonganhang.vn/lai-suat,2026-07-15T14:29:04
2026-02-17,AGR,Agribank,9M,3.8,quay,cuoi_ky,VND,https://thoibaonganhang.vn/lai-suat,2026-07-15T14:29:04
2026-02-17,AGR,Agribank,12M,5.2,quay,cuoi_ky,VND,https://thoibaonganhang.vn/lai-suat,2026-07-15T14:29:04
2026-02-17,AGR,Agribank,24M,5.3,quay,cuoi_ky,VND,https://thoibaonganhang.vn/lai-suat,2026-07-15T14:29:04
2026-02-17,ACB,ACB,KKH,0.01,quay,cuoi_ky,VND,https://thoibaonganhang.vn/lai-suat,2026-07-15T14:29:04
2026-02-17,ACB,ACB,1M,3.5,quay,cuoi_ky,VND,https://thoibaonganhang.vn/lai-suat,2026-07-15T14:29:04
2026-02-17,ACB,ACB,2M,3.7,quay,cuoi_ky,VND,https://thoibaonganhang.vn/lai-suat,2026-07-15T14:29:04
2026-02-17,ACB,ACB,3M,3.9,quay,cuoi_ky,VND,https://thoibaonganhang.vn/lai-suat,2026-07-15T14:29:04
2026-02-17,ACB,ACB,6M,4.5,quay,cuoi_ky,VND,https://thoibaonganhang.vn/lai-suat,2026-07-15T14:29:04
2026-02-17,ACB,ACB,9M,4.7,quay,cuoi_ky,VND,https://thoibaonganhang.vn/lai-suat,2026-07-15T14:29:04
2026-02-17,ACB,ACB,12M,5.2,quay,cuoi_ky,VND,https://thoibaonganhang.vn/lai-suat,2026-07-15T14:29:04
2026-02-17,ACB,ACB,24M,5.3,quay,cuoi_ky,VND,https://thoibaonganhang.vn/lai-suat,2026-07-15T14:29:04
2026-02-17,STB,Sacombank,KKH,0.05,quay,cuoi_ky,VND,https://thoibaonganhang.vn/lai-suat,2026-07-15T14:29:04
2026-02-17,STB,Sacombank,1M,4.75,quay,cuoi_ky,VND,https://thoibaonganhang.vn/lai-suat,2026-07-15T14:29:04
2026-02-17,STB,Sacombank,2M,4.75,quay,cuoi_ky,VND,https://thoibaonganhang.vn/lai-suat,2026-07-15T14:29:04
2026-02-17,STB,Sacombank,3M,4.75,quay,cuoi_ky,VND,https://thoibaonganhang.vn/lai-suat,2026-07-15T14:29:04
2026-02-17,STB,Sacombank,6M,4.8,quay,cuoi_ky,VND,https://thoibaonganhang.vn/lai-suat,2026-07-15T14:29:04
2026-02-17,STB,Sacombank,9M,4.8,quay,cuoi_ky,VND,https://thoibaonganhang.vn/lai-suat,2026-07-15T14:29:04
2026-02-17,STB,Sacombank,12M,4.9,quay,cuoi_ky,VND,https://thoibaonganhang.vn/lai-suat,2026-07-15T14:29:04
2026-02-17,STB,Sacombank,24M,5.0,quay,cuoi_ky,VND,https://thoibaonganhang.vn/lai-suat,2026-07-15T14:29:04
2026-02-17,TCB,Techcombank,1M,4.3,quay,cuoi_ky,VND,https://thoibaonganhang.vn/lai-suat,2026-07-15T14:29:04
2026-02-17,TCB,Techcombank,3M,4.6,quay,cuoi_ky,VND,https://thoibaonganhang.vn/lai-suat,2026-07-15T14:29:04
2026-02-17,TCB,Techcombank,6M,5.7,quay,cuoi_ky,VND,https://thoibaonganhang.vn/lai-suat,2026-07-15T14:29:04
2026-02-17,TCB,Techcombank,12M,5.8,quay,cuoi_ky,VND,https://thoibaonganhang.vn/lai-suat,2026-07-15T14:29:04
2026-02-17,TCB,Techcombank,24M,5.8,quay,cuoi_ky,VND,https://thoibaonganhang.vn/lai-suat,2026-07-15T14:29:04
2026-02-17,LPB,LPBank,1M,3.0,quay,cuoi_ky,VND,https://thoibaonganhang.vn/lai-suat,2026-07-15T14:29:04
2026-02-17,LPB,LPBank,2M,3.0,quay,cuoi_ky,VND,https://thoibaonganhang.vn/lai-suat,2026-07-15T14:29:04
2026-02-17,LPB,LPBank,3M,4.65,quay,cuoi_ky,VND,https://thoibaonganhang.vn/lai-suat,2026-07-15T14:29:04
2026-02-17,LPB,LPBank,6M,6.1,quay,cuoi_ky,VND,https://thoibaonganhang.vn/lai-suat,2026-07-15T14:29:04
2026-02-17,LPB,LPBank,9M,4.1,quay,cuoi_ky,VND,https://thoibaonganhang.vn/lai-suat,2026-07-15T14:29:04
2026-02-17,LPB,LPBank,12M,6.1,quay,cuoi_ky,VND,https://thoibaonganhang.vn/lai-suat,2026-07-15T14:29:04
2026-02-17,LPB,LPBank,24M,5.3,quay,cuoi_ky,VND,https://thoibaonganhang.vn/lai-suat,2026-07-15T14:29:04
2026-02-17,VKK,Vikki Bank,KKH,0.49,quay,cuoi_ky,VND,https://thoibaonganhang.vn/lai-suat,2026-07-15T14:29:04
2026-02-17,VKK,Vikki Bank,1W,0.49,quay,cuoi_ky,VND,https://thoibaonganhang.vn/lai-suat,2026-07-15T14:29:04
2026-02-17,VKK,Vikki Bank,2W,0.49,quay,cuoi_ky,VND,https://thoibaonganhang.vn/lai-suat,2026-07-15T14:29:04
2026-02-17,VKK,Vikki Bank,3W,0.49,quay,cuoi_ky,VND,https://thoibaonganhang.vn/lai-suat,2026-07-15T14:29:04
2026-02-17,VKK,Vikki Bank,1M,4.64,quay,cuoi_ky,VND,https://thoibaonganhang.vn/lai-suat,2026-07-15T14:29:04
2026-02-17,VKK,Vikki Bank,2M,4.64,quay,cuoi_ky,VND,https://thoibaonganhang.vn/lai-suat,2026-07-15T14:29:04
2026-02-17,VKK,Vikki Bank,3M,4.64,quay,cuoi_ky,VND,https://thoibaonganhang.vn/lai-suat,2026-07-15T14:29:04
2026-02-17,VKK,Vikki Bank,6M,6.31,quay,cuoi_ky,VND,https://thoibaonganhang.vn/lai-suat,2026-07-15T14:29:04
2026-02-17,VKK,Vikki Bank,9M,6.12,quay,cuoi_ky,VND,https://thoibaonganhang.vn/lai-suat,2026-07-15T14:29:04
2026-02-17,VKK,Vikki Bank,12M,6.41,quay,cuoi_ky,VND,https://thoibaonganhang.vn/lai-suat,2026-07-15T14:29:04
2026-02-17,VKK,Vikki Bank,24M,6.21,quay,cuoi_ky,VND,https://thoibaonganhang.vn/lai-suat,2026-07-15T14:29:04
2026-02-17,EIB,Eximbank,1M,2.8,quay,cuoi_ky,VND,https://thoibaonganhang.vn/lai-suat,2026-07-15T14:29:04
2026-02-17,EIB,Eximbank,2M,3.0,quay,cuoi_ky,VND,https://thoibaonganhang.vn/lai-suat,2026-07-15T14:29:04
2026-02-17,EIB,Eximbank,3M,3.1,quay,cuoi_ky,VND,https://thoibaonganhang.vn/lai-suat,2026-07-15T14:29:04
2026-02-17,EIB,Eximbank,6M,4.2,quay,cuoi_ky,VND,https://thoibaonganhang.vn/lai-suat,2026-07-15T14:29:04
2026-02-17,EIB,Eximbank,9M,4.0,quay,cuoi_ky,VND,https://thoibaonganhang.vn/lai-suat,2026-07-15T14:29:04
2026-02-17,EIB,Eximbank,12M,4.7,quay,cuoi_ky,VND,https://thoibaonganhang.vn/lai-suat,2026-07-15T14:29:04
2026-02-17,EIB,Eximbank,24M,5.5,quay,cuoi_ky,VND,https://thoibaonganhang.vn/lai-suat,2026-07-15T14:29:04
2026-03-28,VCB,Vietcombank,KKH,0.1,quay,cuoi_ky,VND,https://thoibaonganhang.vn/lai-suat,2026-07-15T14:29:06
2026-03-28,VCB,Vietcombank,1W,0.2,quay,cuoi_ky,VND,https://thoibaonganhang.vn/lai-suat,2026-07-15T14:29:06
2026-03-28,VCB,Vietcombank,2W,0.2,quay,cuoi_ky,VND,https://thoibaonganhang.vn/lai-suat,2026-07-15T14:29:06
2026-03-28,VCB,Vietcombank,1M,2.1,quay,cuoi_ky,VND,https://thoibaonganhang.vn/lai-suat,2026-07-15T14:29:06
2026-03-28,VCB,Vietcombank,2M,2.1,quay,cuoi_ky,VND,https://thoibaonganhang.vn/lai-suat,2026-07-15T14:29:06
2026-03-28,VCB,Vietcombank,3M,2.4,quay,cuoi_ky,VND,https://thoibaonganhang.vn/lai-suat,2026-07-15T14:29:06
2026-03-28,VCB,Vietcombank,6M,3.5,quay,cuoi_ky,VND,https://thoibaonganhang.vn/lai-suat,2026-07-15T14:29:06
2026-03-28,VCB,Vietcombank,9M,3.5,quay,cuoi_ky,VND,https://thoibaonganhang.vn/lai-suat,2026-07-15T14:29:06
2026-03-28,VCB,Vietcombank,12M,5.2,quay,cuoi_ky,VND,https://thoibaonganhang.vn/lai-suat,2026-07-15T14:29:06
2026-03-28,VCB,Vietcombank,24M,5.3,quay,cuoi_ky,VND,https://thoibaonganhang.vn/lai-suat,2026-07-15T14:29:06
2026-03-28,BID,BIDV,KKH,0.1,quay,cuoi_ky,VND,https://thoibaonganhang.vn/lai-suat,2026-07-15T14:29:06
2026-03-28,BID,BIDV,1M,2.1,quay,cuoi_ky,VND,https://thoibaonganhang.vn/lai-suat,2026-07-15T14:29:06
2026-03-28,BID,BIDV,2M,2.1,quay,cuoi_ky,VND,https://thoibaonganhang.vn/lai-suat,2026-07-15T14:29:06
2026-03-28,BID,BIDV,3M,2.4,quay,cuoi_ky,VND,https://thoibaonganhang.vn/lai-suat,2026-07-15T14:29:06
2026-03-28,BID,BIDV,6M,3.5,quay,cuoi_ky,VND,https://thoibaonganhang.vn/lai-suat,2026-07-15T14:29:06
2026-03-28,BID,BIDV,9M,3.5,quay,cuoi_ky,VND,https://thoibaonganhang.vn/lai-suat,2026-07-15T14:29:06
2026-03-28,BID,BIDV,12M,5.2,quay,cuoi_ky,VND,https://thoibaonganhang.vn/lai-suat,2026-07-15T14:29:06
2026-03-28,BID,BIDV,24M,5.3,quay,cuoi_ky,VND,https://thoibaonganhang.vn/lai-suat,2026-07-15T14:29:06
2026-03-28,CTG,VietinBank,KKH,0.1,quay,cuoi_ky,VND,https://thoibaonganhang.vn/lai-suat,2026-07-15T14:29:06
2026-03-28,CTG,VietinBank,1M,2.1,quay,cuoi_ky,VND,https://thoibaonganhang.vn/lai-suat,2026-07-15T14:29:06
2026-03-28,CTG,VietinBank,2M,2.1,quay,cuoi_ky,VND,https://thoibaonganhang.vn/lai-suat,2026-07-15T14:29:06
2026-03-28,CTG,VietinBank,3M,2.4,quay,cuoi_ky,VND,https://thoibaonganhang.vn/lai-suat,2026-07-15T14:29:06
2026-03-28,CTG,VietinBank,6M,3.5,quay,cuoi_ky,VND,https://thoibaonganhang.vn/lai-suat,2026-07-15T14:29:06
2026-03-28,CTG,VietinBank,9M,3.5,quay,cuoi_ky,VND,https://thoibaonganhang.vn/lai-suat,2026-07-15T14:29:06
2026-03-28,CTG,VietinBank,12M,5.2,quay,cuoi_ky,VND,https://thoibaonganhang.vn/lai-suat,2026-07-15T14:29:06
2026-03-28,CTG,VietinBank,24M,5.3,quay,cuoi_ky,VND,https://thoibaonganhang.vn/lai-suat,2026-07-15T14:29:06
2026-03-28,AGR,Agribank,KKH,0.2,quay,cuoi_ky,VND,https://thoibaonganhang.vn/lai-suat,2026-07-15T14:29:06
2026-03-28,AGR,Agribank,1M,2.4,quay,cuoi_ky,VND,https://thoibaonganhang.vn/lai-suat,2026-07-15T14:29:06
2026-03-28,AGR,Agribank,2M,2.4,quay,cuoi_ky,VND,https://thoibaonganhang.vn/lai-suat,2026-07-15T14:29:06
2026-03-28,AGR,Agribank,3M,2.7,quay,cuoi_ky,VND,https://thoibaonganhang.vn/lai-suat,2026-07-15T14:29:06
2026-03-28,AGR,Agribank,6M,3.8,quay,cuoi_ky,VND,https://thoibaonganhang.vn/lai-suat,2026-07-15T14:29:06
2026-03-28,AGR,Agribank,9M,3.8,quay,cuoi_ky,VND,https://thoibaonganhang.vn/lai-suat,2026-07-15T14:29:06
2026-03-28,AGR,Agribank,12M,5.2,quay,cuoi_ky,VND,https://thoibaonganhang.vn/lai-suat,2026-07-15T14:29:06
2026-03-28,AGR,Agribank,24M,5.3,quay,cuoi_ky,VND,https://thoibaonganhang.vn/lai-suat,2026-07-15T14:29:06
2026-03-28,ACB,ACB,KKH,0.01,quay,cuoi_ky,VND,https://thoibaonganhang.vn/lai-suat,2026-07-15T14:29:06
2026-03-28,ACB,ACB,1M,3.5,quay,cuoi_ky,VND,https://thoibaonganhang.vn/lai-suat,2026-07-15T14:29:06
2026-03-28,ACB,ACB,2M,3.7,quay,cuoi_ky,VND,https://thoibaonganhang.vn/lai-suat,2026-07-15T14:29:06
2026-03-28,ACB,ACB,3M,3.9,quay,cuoi_ky,VND,https://thoibaonganhang.vn/lai-suat,2026-07-15T14:29:06
2026-03-28,ACB,ACB,6M,4.5,quay,cuoi_ky,VND,https://thoibaonganhang.vn/lai-suat,2026-07-15T14:29:06
2026-03-28,ACB,ACB,9M,4.7,quay,cuoi_ky,VND,https://thoibaonganhang.vn/lai-suat,2026-07-15T14:29:06
2026-03-28,ACB,ACB,12M,5.2,quay,cuoi_ky,VND,https://thoibaonganhang.vn/lai-suat,2026-07-15T14:29:06
2026-03-28,ACB,ACB,24M,5.3,quay,cuoi_ky,VND,https://thoibaonganhang.vn/lai-suat,2026-07-15T14:29:06
2026-03-28,STB,Sacombank,KKH,0.05,quay,cuoi_ky,VND,https://thoibaonganhang.vn/lai-suat,2026-07-15T14:29:06
2026-03-28,STB,Sacombank,1M,4.75,quay,cuoi_ky,VND,https://thoibaonganhang.vn/lai-suat,2026-07-15T14:29:06
2026-03-28,STB,Sacombank,2M,4.75,quay,cuoi_ky,VND,https://thoibaonganhang.vn/lai-suat,2026-07-15T14:29:06
2026-03-28,STB,Sacombank,3M,4.75,quay,cuoi_ky,VND,https://thoibaonganhang.vn/lai-suat,2026-07-15T14:29:06
2026-03-28,STB,Sacombank,6M,4.8,quay,cuoi_ky,VND,https://thoibaonganhang.vn/lai-suat,2026-07-15T14:29:06
2026-03-28,STB,Sacombank,9M,4.8,quay,cuoi_ky,VND,https://thoibaonganhang.vn/lai-suat,2026-07-15T14:29:06
2026-03-28,STB,Sacombank,12M,4.9,quay,cuoi_ky,VND,https://thoibaonganhang.vn/lai-suat,2026-07-15T14:29:06
2026-03-28,STB,Sacombank,24M,5.0,quay,cuoi_ky,VND,https://thoibaonganhang.vn/lai-suat,2026-07-15T14:29:06
2026-03-28,TCB,Techcombank,1M,4.3,quay,cuoi_ky,VND,https://thoibaonganhang.vn/lai-suat,2026-07-15T14:29:06
2026-03-28,TCB,Techcombank,3M,4.6,quay,cuoi_ky,VND,https://thoibaonganhang.vn/lai-suat,2026-07-15T14:29:06
2026-03-28,TCB,Techcombank,6M,5.7,quay,cuoi_ky,VND,https://thoibaonganhang.vn/lai-suat,2026-07-15T14:29:06
2026-03-28,TCB,Techcombank,12M,5.8,quay,cuoi_ky,VND,https://thoibaonganhang.vn/lai-suat,2026-07-15T14:29:06
2026-03-28,TCB,Techcombank,24M,5.8,quay,cuoi_ky,VND,https://thoibaonganhang.vn/lai-suat,2026-07-15T14:29:06
2026-03-28,LPB,LPBank,1M,3.0,quay,cuoi_ky,VND,https://thoibaonganhang.vn/lai-suat,2026-07-15T14:29:06
2026-03-28,LPB,LPBank,2M,3.0,quay,cuoi_ky,VND,https://thoibaonganhang.vn/lai-suat,2026-07-15T14:29:06
2026-03-28,LPB,LPBank,3M,4.65,quay,cuoi_ky,VND,https://thoibaonganhang.vn/lai-suat,2026-07-15T14:29:06
2026-03-28,LPB,LPBank,6M,6.1,quay,cuoi_ky,VND,https://thoibaonganhang.vn/lai-suat,2026-07-15T14:29:06
2026-03-28,LPB,LPBank,9M,4.1,quay,cuoi_ky,VND,https://thoibaonganhang.vn/lai-suat,2026-07-15T14:29:06
2026-03-28,LPB,LPBank,12M,6.1,quay,cuoi_ky,VND,https://thoibaonganhang.vn/lai-suat,2026-07-15T14:29:06
2026-03-28,LPB,LPBank,24M,5.3,quay,cuoi_ky,VND,https://thoibaonganhang.vn/lai-suat,2026-07-15T14:29:06
2026-03-28,VKK,Vikki Bank,KKH,0.49,quay,cuoi_ky,VND,https://thoibaonganhang.vn/lai-suat,2026-07-15T14:29:06
2026-03-28,VKK,Vikki Bank,1W,0.49,quay,cuoi_ky,VND,https://thoibaonganhang.vn/lai-suat,2026-07-15T14:29:06
2026-03-28,VKK,Vikki Bank,2W,0.49,quay,cuoi_ky,VND,https://thoibaonganhang.vn/lai-suat,2026-07-15T14:29:06
2026-03-28,VKK,Vikki Bank,3W,0.49,quay,cuoi_ky,VND,https://thoibaonganhang.vn/lai-suat,2026-07-15T14:29:06
2026-03-28,VKK,Vikki Bank,1M,4.64,quay,cuoi_ky,VND,https://thoibaonganhang.vn/lai-suat,2026-07-15T14:29:06
2026-03-28,VKK,Vikki Bank,2M,4.64,quay,cuoi_ky,VND,https://thoibaonganhang.vn/lai-suat,2026-07-15T14:29:06
2026-03-28,VKK,Vikki Bank,3M,4.64,quay,cuoi_ky,VND,https://thoibaonganhang.vn/lai-suat,2026-07-15T14:29:06
2026-03-28,VKK,Vikki Bank,6M,6.31,quay,cuoi_ky,VND,https://thoibaonganhang.vn/lai-suat,2026-07-15T14:29:06
2026-03-28,VKK,Vikki Bank,9M,6.12,quay,cuoi_ky,VND,https://thoibaonganhang.vn/lai-suat,2026-07-15T14:29:06
2026-03-28,VKK,Vikki Bank,12M,6.41,quay,cuoi_ky,VND,https://thoibaonganhang.vn/lai-suat,2026-07-15T14:29:06
2026-03-28,VKK,Vikki Bank,24M,6.21,quay,cuoi_ky,VND,https://thoibaonganhang.vn/lai-suat,2026-07-15T14:29:06
2026-03-28,EIB,Eximbank,1M,2.8,quay,cuoi_ky,VND,https://thoibaonganhang.vn/lai-suat,2026-07-15T14:29:06
2026-03-28,EIB,Eximbank,2M,3.0,quay,cuoi_ky,VND,https://thoibaonganhang.vn/lai-suat,2026-07-15T14:29:06
2026-03-28,EIB,Eximbank,3M,3.1,quay,cuoi_ky,VND,https://thoibaonganhang.vn/lai-suat,2026-07-15T14:29:06
2026-03-28,EIB,Eximbank,6M,4.2,quay,cuoi_ky,VND,https://thoibaonganhang.vn/lai-suat,2026-07-15T14:29:06
2026-03-28,EIB,Eximbank,9M,4.0,quay,cuoi_ky,VND,https://thoibaonganhang.vn/lai-suat,2026-07-15T14:29:06
2026-03-28,EIB,Eximbank,12M,4.7,quay,cuoi_ky,VND,https://thoibaonganhang.vn/lai-suat,2026-07-15T14:29:06
2026-03-28,EIB,Eximbank,24M,5.5,quay,cuoi_ky,VND,https://thoibaonganhang.vn/lai-suat,2026-07-15T14:29:06
